<?xml version="1.0" encoding="UTF-8" standalone="no"?><comments>
<comment id="509165930"><postID>509130756</postID>
<commenttext>First Comment</commenttext>
<createdBy>Hassan</createdBy>
<postUserName>Jana Hassan</postUserName><creationDate>09/05/24 - 16:59:30</creationDate></comment>
<comment id="509170024"><postID>509130756</postID><commenttext>New Comment ...</commenttext>
<createdBy>Hassan</createdBy>
<postUserName>Jana Hassan</postUserName><creationDate>09/05/24 - 17:00:24</creationDate></comment>
<comment id="509183757"><postID>509130756</postID>
<commenttext>Last Commwnt</commenttext>
<createdBy>Hassan</createdBy><postUserName>Jana Hassan</postUserName>
<creationDate>09/05/24 - 18:37:57</creationDate></comment>
<comment id="509184633"><postID>509130534</postID><commenttext>This is Good ..</commenttext><createdBy>Jana Hassan</createdBy><postUserName>Hassan</postUserName><creationDate>09/05/24 - 18:46:33</creationDate></comment><comment id="509191415"><postID>509130756</postID><commenttext>4th Comment ...</commenttext><createdBy>Hassan</createdBy><postUserName>Jana Hassan</postUserName><creationDate>09/05/24 - 19:14:15</creationDate></comment><comment id="509191459"><postID>509130631</postID><commenttext>Great</commenttext><createdBy>Hassan</createdBy><postUserName>Hassan</postUserName><creationDate>09/05/24 - 19:14:59</creationDate></comment><comment id="509191548"><postID>509130534</postID><commenttext>Agreeeeeeee ...</commenttext><createdBy>Hassan</createdBy><postUserName>Hassan</postUserName><creationDate>09/05/24 - 19:15:48</creationDate></comment><comment id="510165352"><postID>509130756</postID><commenttext>Wowwwwww...</commenttext><createdBy>Hams Hassan</createdBy><postUserName>Jana Hassan</postUserName><creationDate>10/05/24 - 16:53:52</creationDate></comment><comment id="511204548"><postID>511204507</postID><commenttext>this is good ...</commenttext><createdBy>Hassan</createdBy><postUserName>Hams Hassan</postUserName><creationDate>11/05/24 - 20:45:48</creationDate></comment><comment id="511204627"><postID>511204507</postID><commenttext>Thank You ,,,,</commenttext><createdBy>Hams Hassan</createdBy><postUserName>Hams Hassan</postUserName><creationDate>11/05/24 - 20:46:27</creationDate></comment><comment id="511204718"><postID>509130756</postID><commenttext>goood ,,,</commenttext><createdBy>Hams Hassan</createdBy><postUserName>Jana Hassan</postUserName><creationDate>11/05/24 - 20:47:18</creationDate></comment><comment id="511205008"><postID>511204923</postID><commenttext>fine</commenttext><createdBy>Hams Hassan</createdBy><postUserName>Hassan</postUserName><creationDate>11/05/24 - 20:50:08</creationDate></comment></comments>