<?xml version="1.0" encoding="UTF-8" standalone="no"?><postlikes>
<postlike id="509231359"><postID>509130631</postID><createdBy>Hassan</createdBy><creationDate>09/05/24 - 23:13:59</creationDate></postlike>
<postlike id="510134932"><postID>509130534</postID><createdBy>Hassan</createdBy><creationDate>10/05/24 - 13:49:32</creationDate></postlike>
<postlike id="510134942"><postID>509130756</postID><createdBy>Hassan</createdBy><creationDate>10/05/24 - 13:49:42</creationDate></postlike>
<postlike id="510140537"><postID>509130756</postID><createdBy>Jana Hassan</createdBy><creationDate>10/05/24 - 14:05:37</creationDate></postlike><postlike id="510140540"><postID>509130631</postID><createdBy>Jana Hassan</createdBy><creationDate>10/05/24 - 14:05:40</creationDate></postlike><postlike id="510165341"><postID>509130756</postID><createdBy>Hams Hassan</createdBy><creationDate>10/05/24 - 16:53:41</creationDate></postlike><postlike id="511204528"><postID>511204507</postID><createdBy>Hassan</createdBy><creationDate>11/05/24 - 20:45:28</creationDate></postlike><postlike id="511204828"><postID>511204507</postID><createdBy>Hams Hassan</createdBy><creationDate>11/05/24 - 20:48:28</creationDate></postlike><postlike id="511205023"><postID>511204923</postID><createdBy>Hams Hassan</createdBy><creationDate>11/05/24 - 20:50:23</creationDate></postlike></postlikes>