<?xml version="1.0" encoding="UTF-8" standalone="no"?><messages>
<message id="1">
    <userName>Hassan</userName>
    <friendName>Jana Hassan</friendName>
    <message>How Are Today</message>
    <creationDate>507221030</creationDate>
</message>
<message id="2">
    <userName>Jana Hassan</userName>
    <friendName>Hassan</friendName>
    <message>Fine And You ...</message>
    <creationDate>507221100</creationDate>
</message>
<message id="3">
    <userName>Hassan</userName>
    <friendName>Jana Hassan</friendName>
    <message>What is the plan for today</message>
    <creationDate>507221110</creationDate>
</message>
<message id="509001609"><userName>Jana Hassan</userName><friendName>Hassan</friendName><message>No Plns..</message><creationDate>09/05/24 - 00:16:09</creationDate></message><message id="509001625"><userName>Hassan</userName><friendName>Jana Hassan</friendName><message>Ok</message><creationDate>09/05/24 - 00:16:25</creationDate></message><message id="509002530"><userName>Jana Hassan</userName><friendName>Hassan</friendName><message>Thank Youuu</message><creationDate>09/05/24 - 00:25:30</creationDate></message><message id="509004818"><userName>Jana Hassan</userName><friendName>Hassan</friendName><message>it seems it is working fine</message><creationDate>09/05/24 - 00:48:18</creationDate></message><message id="509004855"><userName>Hassan</userName><friendName>Jana Hassan</friendName><message>Nice</message><creationDate>09/05/24 - 00:48:55</creationDate></message><message id="511205314"><userName>Hams Hassan</userName><friendName>Hassan</friendName><message>Hi </message><creationDate>11/05/24 - 20:53:14</creationDate></message><message id="511205426"><userName>Hassan</userName><friendName>Hams Hassan</friendName><message>How are you</message><creationDate>11/05/24 - 20:54:26</creationDate></message></messages>