<?xml version="1.0" encoding="UTF-8" standalone="no"?><posts>
<post id="509130534"><author>Hassan</author><content>Qatar is Good Place</content><likescount>1</likescount><commentsCount>2</commentsCount><creationDate>09/05/24 - 13:05:34</creationDate></post>
<post id="509130631"><author>Hassan</author><content>what is the USD to EGP Forecast ...</content><likescount>2</likescount><commentsCount>1</commentsCount><creationDate>09/05/24 - 13:06:31</creationDate></post>
<post id="509130756"><author>Jana Hassan</author><content>Hi All from Dubai.</content><likescount>3</likescount><commentsCount>6</commentsCount><creationDate>09/05/24 - 13:07:56</creationDate></post>
<post id="511204507">
<author>Hams Hassan</author>
<content>what is the USD Forecast ..</content>
<likescount>2</likescount><commentsCount>2</commentsCount>
<creationDate>11/05/24 - 20:45:07</creationDate></post>
<post id="511204923"><author>Hassan</author><content>Hi from Egypt ..</content><likescount>1</likescount><commentsCount>1</commentsCount><creationDate>11/05/24 - 20:49:23</creationDate></post></posts>