<?xml version="1.0" encoding="UTF-8" standalone="no"?>
<users>
<user id="508192030">
    <name>Hassan</name>
    <password>123</password>
    <email>hassan@gmail.com</email>
    <bio>NA</bio>
    <gender>Male</gender>
  </user>
<user id="509192030"><name>Mona Salah</name><password>123</password><email>NA</email><bio>NA</bio><gender>NA</gender></user>
<user id="508202030"><name>Hams Hassan</name><password>123</password><email>NA</email><bio>NA</bio><gender>NA</gender></user>
<user id="508222030"><name>Jana Hassan</name><password>123</password><email>NA</email><bio>NA</bio><gender>NA</gender></user>
<user id="508192030"><name>Ahmed Khalid</name><password>123</password><email>NA</email><bio>NA</bio><gender>NA</gender></user>
<user id="508182030"><name>Mohamed Hassan</name><password>123</password><email>NA</email><bio>NA</bio><gender>NA</gender></user>
</users>